id;civility;surname;firstname;picture;picture_content_type;date_of_birth;profession
1;MISTER;schemas;Pound Sterling Keyboard;../fake-data/blob/hipster.png;image/png;2019-12-12;parsing
2;MISTER;SCSI Aruba Chair;drive online;../fake-data/blob/hipster.png;image/png;2019-12-12;Shirt Credit Card Account disintermediate
3;MISTER;Movies;SMS;../fake-data/blob/hipster.png;image/png;2019-12-12;Producer Agent
4;MADAM;enhance Multi-channelled purple;Response;../fake-data/blob/hipster.png;image/png;2019-12-12;Synergized
5;MISS;Springs connecting;SAS;../fake-data/blob/hipster.png;image/png;2019-12-12;California PNG engage
6;MISS;bluetooth payment digital;Rubber Industrial seamless;../fake-data/blob/hipster.png;image/png;2019-12-12;mesh partnerships
7;MADAM;middleware Switzerland;Data Granite Configuration;../fake-data/blob/hipster.png;image/png;2019-12-13;Business-focused Canyon Orchestrator
8;MISS;robust;Granite Rubber;../fake-data/blob/hipster.png;image/png;2019-12-13;Metal deposit
9;MISS;RSS Buckinghamshire Officer;teal Licensed Wooden Pants;../fake-data/blob/hipster.png;image/png;2019-12-13;Chair Awesome
10;MISS;Regional;Bedfordshire;../fake-data/blob/hipster.png;image/png;2019-12-12;Ergonomic Soft Shoes
